Player,Pos.,2018 Team,2019 Team,Type,Snaps,Age,Current APY,Guarantees
Joe Flacco,QB,Ravens,Broncos,Signed,53.9%,34,22133333,44000000
Ryan Tannehill,QB,Dolphins,Titans,Signed,63%,31,7000000,6750000
Case Keenum,QB,Broncos,Redskins,Signed,99.9%,31,7500000,7500000
"Odell Beckham, Jr.",WR,Giants,Browns,Signed,69.3%,27,18000000,40959000
Blake Bortles,QB,Jaguars,Rams,Signed,74.7%,28,1000000,1000000
Ezekiel Ansah,43DE,Lions,,UFA,14.8%,30,17143000,17143000
Demarcus Lawrence,43DE,Cowboys,Cowboys,Signed,71.8%,27,20571600,0
Antonio Brown,WR,Steelers,Raiders,Signed,89.4%,31,16708333,30125000
Olivier Vernon,34OLB,Giants,Browns,Signed,60.6%,29,17000000,40000000
Justin Houston,34OLB,Chiefs,,SFA,60.9%,30,16833333,32500000
Marcell Dareus,43DT,Jaguars,Jaguars,Signed,54.9%,29,14042500,7835000
Tyrod Taylor,QB,Browns,Chargers,Signed,16.9%,30,5500000,6000000
Le'Veon Bell,RB,Steelers,Jets,Signed,0%,27,13125000,27000000
Nick Foles,QB,Eagles,Jaguars,Signed,32.7%,30,22000000,45125000
Malik Jackson,43DT,Jaguars,Eagles,Signed,61.3%,29,10000000,17000000
Demaryius Thomas,WR,Texans,,SFA,70.5%,32,14000000,35000000
Ndamukong Suh,34DT,Rams,,UFA,87.9%,32,14000000,14000000
Clay Matthews,34OLB,Packers,,UFA,71.1%,33,13200000,20500000
Jamie Collins,43OLB,Browns,,SFA,90.7%,30,12500000,26400000
Timmy Jernigan,43DT,Eagles,,UFA,4.4%,27,12000000,13478903
Kevin Zeitler,RG,Browns,Giants,Signed,100%,29,12000000,23000000
Nick Perry,34OLB,Packers,,SFA,28.2%,29,12000000,18500000
Kelechi Osemele,LG,Raiders,Jets,Signed,70.7%,30,11700000,25700000
Lamarcus Joyner,S,Rams,Raiders,Signed,89.8%,29,10500000,16700000
DeSean Jackson,WR,Buccaneers,Eagles,Signed,40.6%,33,9000000,13000000
Vontaze Burfict,43OLB,Bengals,,SFA,26.4%,29,11078000,3300000
Larry Fitzgerald,WR,Cardinals,Cardinals,Signed,92.6%,36,11000000,11000000
Randall Cobb,WR,Packers,,UFA,43.3%,29,10000000,13000000
Earl Thomas,S,Seahawks,Ravens,Signed,24.1%,30,13750000,32000000
Kyle Long,RG,Bears,Bears,Signed,47.6%,31,6100000,2500000
Josh McCown,QB,Jets,,UFA,19.2%,40,10000000,5000000
Michael Bennett,43DE,Eagles,Patriots,Signed,68.9%,34,9833333,8000000
Donte Moncrief,WR,Jaguars,Steelers,Signed,78.2%,26,4500000,3500000
Robert Alford,CB,Falcons,Cardinals,Signed,87.6%,31,7500000,8950000
Pierre Garcon,WR,49ers,,UFA,35.7%,33,9500000,17000000
T.J. Lang,RG,Lions,,SFA,26.3%,32,9500000,19000000
Cameron Wake,43DE,Dolphins,Titans,Signed,47.5%,37,7666667,7250000
Jason Peters,LT,Eagles,Eagles,Signed,79.5%,37,6000000,3500000
Mark Barron,ILB,Rams,Steelers,Signed,56.1%,30,6000000,5750000
Maurkice Pouncey,C,Steelers,Steelers,Signed,98.8%,30,11000000,12000000
Kareem Jackson,CB,Texans,Broncos,Signed,92.1%,31,11000000,23000000
Sheldon Richardson,43DT,Vikings,Browns,Signed,68.9%,29,12333333,15000000
Andre Branch,43DE,Dolphins,,SFA,44.3%,30,8000000,16800000
Nigel Bradham,43OLB,Eagles,Eagles,Signed,88.5%,30,7750000,4000000
Brandon Marshall,ILB,Broncos,,UFA,38.9%,30,8000000,15053000
Vinny Curry,43DE,Buccaneers,,SFA,42.7%,31,7666667,6500000
Charles Clay,TE,Bills,Cardinals,Signed,47.6%,30,2000000,350000
Tashaun Gipson,S,Jaguars,Texans,Signed,98.2%,29,7500000,11250000
Jared Veldheer,RT,Broncos,,UFA,65.5%,32,7150000,10500000
Jadeveon Clowney,34OLB,Texans,Texans,Signed,84.3%,26,15967200,0
Jordy Nelson,WR,Raiders,,SFA,80.9%,34,7100000,10000000
Brent Grimes,CB,Buccaneers,,UFA,75.5%,36,7000000,7000000
Jermaine Gresham,TE,Cardinals,,SFA,44.1%,31,7000000,13000000
Rodney McLeod,S,Eagles,Eagles,Signed,15.6%,29,4000000,1500000
Morris Claiborne,CB,Jets,,UFA,89.5%,29,7000000,6850000
Sean Lee,43OLB,Cowboys,Cowboys,Signed,21.5%,33,3500000,1000000
Zach Brown,ILB,Redskins,,SFA,68%,30,7000000,5500000
Tyrann Mathieu,S,Texans,Chiefs,Signed,97.8%,27,14000000,26800000
Darian Stewart,S,Broncos,,SFA,81.2%,31,7000000,13000000
Tavon Austin,WR,Cowboys,,UFA,10.8%,28,7000000,5000000
Michael Crabtree,WR,Ravens,,SFA,67.6%,32,7000000,8000000
Spencer Long,C,Jets,Bills,Signed,80.3%,29,4200000,1200000
Thomas Davis,43OLB,Panthers,Chargers,Signed,65.3%,36,5250000,5250000
Derrick Morgan,34OLB,Titans,,UFA,51.1%,30,6750000,8500000
K.J. Wright,43OLB,Seahawks,Seahawks,Signed,22.5%,30,7000000,6500000
Josh Sitton,LG,Dolphins,,SFA,6.7%,33,6750000,8450000
Josh Kline,RG,Titans,,SFA,98.9%,30,6500000,9250000
Eric Weddle,S,Ravens,Rams,Signed,98.2%,34,5251025,5250525
Brandon Graham,43DE,Eagles,Eagles,Signed,72.5%,31,13333333,27000000
Glover Quin,S,Lions,,SFA,84%,33,6500000,5900000
Donald Penn,LT,Raiders,,SFA,18.4%,36,6475000,4750000
Jermey Parnell,RT,Jaguars,,SFA,83.5%,33,6400000,14500000
Rodger Saffold,LG,Rams,Titans,Signed,97.1%,31,11000000,19000000
Jason Kelce,C,Eagles,Eagles,Signed,95%,32,8166667,10500000
Allen Bailey,34DE,Chiefs,,UFA,71.8%,30,6250000,10000000
Johnathan Cyprien,S,Titans,,SFA,0%,29,6250000,7000000
Buster Skrine,CB,Jets,Bears,Signed,61.9%,30,5500000,8500000
Golden Tate,WR,Eagles,Giants,Signed,56.1%,31,9375000,22950000
Teddy Bridgewater,QB,Saints,,UFA,6.8%,27,6000000,500000
Mike Remmers,RG,Vikings,,SFA,99.7%,30,6000000,10500000
Dion Sims,TE,Bears,,SFA,18.2%,28,6000000,6000000
Danny Amendola,WR,Dolphins,Lions,Signed,73.9%,34,4500000,4250000
Marcus Gilbert,RT,Steelers,Cardinals,Signed,32.5%,31,6000000,7650000
Bobby Massie,RT,Bears,Bears,Signed,99.5%,30,8000000,15800000
"Dante Fowler, Jr.",34OLB,Rams,Rams,Signed,57%,25,12000000,12000000
Corey Liuget,43DT,Chargers,,UFA,19.8%,29,5760000,2585000
Jahleel Addae,S,Chargers,,SFA,98.9%,29,5625000,8000000
Tyler Eifert,TE,Bengals,Bengals,Signed,13.3%,29,4000000,1200000
Rashaan Melvin,CB,Raiders,,UFA,58.9%,30,5500000,4850000
Dwayne Allen,TE,Patriots,Dolphins,Signed,32.3%,29,3250000,1250000
Kurt Coleman,S,Saints,,SFA,34.9%,31,5450000,6200000
Jared Cook,TE,Raiders,,UFA,73.5%,32,5300000,5000000
Malcolm Smith,43OLB,49ers,49ers,Signed,31.4%,30,1350000,0
John Sullivan,C,Rams,,UFA,95.8%,34,5250000,3249999
Terrell Suggs,34OLB,Ravens,Cardinals,Signed,71.9%,37,7000000,700000
Carlos Hyde,RB,Jaguars,Chiefs,Signed,36%,28,2800000,1500000
AJ McCarron,QB,Raiders,Texans,Signed,1.1%,29,3000000,2500000
Muhammad Wilkerson,34DE,Packers,,UFA,10.8%,30,5000000,1500000
Ryan Grant,WR,Colts,,UFA,49.2%,29,5000000,5000000
Michael Johnson,43DE,Bengals,,UFA,41.3%,32,5000000,4500000
Mike Iupati,LG,Cardinals,Seahawks,Signed,50.7%,32,2750000,2250000
John Brown,WR,Ravens,Bills,Signed,63.8%,29,9000000,10100000
Beau Allen,43DT,Buccaneers,Buccaneers,Signed,37%,28,4000000,4000000
Preston Brown,ILB,Bengals,Bengals,Signed,33.2%,27,5500000,4800000
Stacy McGee,34DE,Redskins,,SFA,13.3%,29,5000000,6250000
Austin Seferian-Jenkins,TE,Jaguars,,UFA,21.3%,27,5000000,4000000
Adrian Clayborn,43DE,Patriots,,SFA,30.7%,31,5000000,5500000
Vontae Davis,CB,Bills,,UFA,2.9%,31,5000000,3500000
James Carpenter,LG,Jets,Falcons,Signed,62.2%,30,5250000,7000000
Nevin Lawson,CB,Lions,,SFA,88.8%,28,4600000,4550000
Brooks Reed,43DE,Falcons,Cardinals,Signed,41.8%,32,1625000,250000
Andy Levitre,LG,Falcons,,UFA,7.7%,33,4500000,3500000
Jermaine Kearse,WR,Jets,,UFA,62.5%,29,4500000,6300000
Marshawn Lynch,RB,Raiders,,UFA,20.2%,33,4500000,3500000
Brandon Mebane,43DT,Chargers,Chargers,Signed,39.1%,34,5275000,5250000
Stephen Gostkowski,K,Patriots,,UFA,39.1%,35,4300000,10100000
Terrance Williams,WR,Cowboys,,UFA,3.6%,30,4250000,9500000
Captain Munnerlyn,CB,Panthers,,SFA,63.4%,31,4250000,6900000
Cordarrelle Patterson,WR,Patriots,Bears,Signed,20.6%,28,5000000,5000000
Antoine Bethea,S,Cardinals,Giants,Signed,99.6%,35,3250000,3225000
Kevin White,WR,Bears,Cardinals,Signed,15.8%,27,1500000,400000
William Hayes,43DE,Dolphins,,UFA,5.9%,34,4050000,4000000
Earl Mitchell,43DT,49ers,,UFA,33.9%,32,4000000,4650000
Matt Schaub,QB,Falcons,Falcons,Signed,1.2%,38,1890000,750000
Marcus Gilchrist,S,Raiders,,UFA,84.6%,31,4000000,3850000
Mark Ingram,RB,Saints,Ravens,Signed,33.3%,30,5000000,6500000
Andrew Sendejo,S,Vikings,,UFA,31.2%,32,4000000,3950000
EJ Gaines,CB,Browns,,UFA,15.3%,27,4000000,1400000
Bennie Logan,34DT,Titans,,UFA,21.8%,30,4000000,3750000
Aaron Lynch,34OLB,Bears,,UFA,33.7%,26,4000000,1250000
Latavius Murray,RB,Vikings,Saints,Signed,43.9%,29,3600000,7200000
Darren Fells,TE,Browns,Texans,Signed,38.5%,33,1500000,100000
Mike Glennon,QB,Cardinals,,SFA,2.8%,30,4000000,4000000
Isaiah Crowell,RB,Jets,,SFA,33.3%,26,4000000,4000000
Seantrel Henderson,RT,Texans,Texans,Signed,1%,27,4500000,1000000
Chris Hogan,WR,Patriots,,UFA,71.8%,31,4000000,7500000
Garry Gilliam,RT,49ers,,SFA,8%,29,3875000,2150000
Cassius Marsh,43DE,49ers,,SFA,51.2%,27,3850000,3100000
Bilal Powell,RB,Jets,,UFA,20.7%,31,3750000,6000000
Domata Peko,34DT,Broncos,,UFA,48.5%,35,3750000,3800000
Adam Vinatieri,K,Colts,Colts,Signed,17.5%,47,3875000,2000000
Steve McLendon,34DT,Jets,Jets,Signed,42.1%,33,2500000,750000
Mike Pennel,34DT,Jets,Patriots,Signed,32%,28,2500000,500000
Matt Bryant,K,Falcons,,UFA,13.3%,44,3500000,2000000
Vincent Rey,43OLB,Bengals,,UFA,15.9%,32,3500000,0
Mitch Unrein,43DT,Buccaneers,,SFA,0%,32,3500000,3000000
Alex Okafor,43DE,Saints,Chiefs,Signed,63.7%,28,6000000,6805000
Jonathan Stewart,RB,Giants,,UFA,1.6%,32,3450000,2950000
Cole Beasley,WR,Cowboys,Bills,Signed,66.2%,30,7250000,10700000
Bryan Anger,P,Buccaneers,,SFA,28.9%,31,3400000,2500000
Ryan Fitzpatrick,QB,Buccaneers,Dolphins,Signed,38.4%,37,5500000,7000000
Ramon Foster,LG,Steelers,Steelers,Signed,99.9%,33,4125000,3150000
Bruce Irvin,43DE,Falcons,Panthers,Signed,43.4%,32,4000000,1500000
Anthony Barr,43OLB,Vikings,Vikings,Signed,77.8%,27,13500000,15900000
Phil Dawson,K,Cardinals,,UFA,12.6%,44,3000000,1500000
Tyson Alualu,34DE,Steelers,Steelers,Signed,30%,32,2875000,1750000
Tramaine Brock,CB,Broncos,,UFA,40.3%,31,3000000,3000000
Brett Kern,P,Titans,Titans,Signed,33.2%,33,3183333,4000000
Lorenzo Alexander,43OLB,Bills,Bills,Signed,62%,36,3750000,1600000
Danny Shelton,43DT,Patriots,,UFA,31.1%,26,2925918,11703670
Nick Easton,C,Vikings,,UFA,0%,27,2914000,0
Shaquil Barrett,34OLB,Broncos,Buccaneers,Signed,25.6%,27,4000000,3000000
Tyrell Williams,WR,Chargers,Raiders,Signed,76.4%,27,11100000,10000000
Matt Paradis,C,Broncos,Panthers,Signed,53%,30,9010000,10000000
Adam Humphries,WR,Buccaneers,Titans,Signed,70%,26,9000000,12000000
David Irving,43DT,Cowboys,,UFA,5.5%,26,2914000,0
Ben Garland,LG,Falcons,,UFA,35%,31,2914000,0
Brett Jones,C,Vikings,,UFA,18.2%,28,2914000,0
Corey Grant,RB,Jaguars,,UFA,6.3%,28,2914000,0
Ty Nsekhe,RT,Redskins,Bills,Signed,39.5%,34,5000000,6600000
Justin Coleman,CB,Seahawks,Lions,Signed,67.9%,26,9000000,16000000
Brock Coyle,ILB,49ers,,SFA,5.7%,29,2800000,3000000
Sam Acho,34OLB,Bears,,SFA,2.6%,31,2750000,2950000
DeVante Parker,WR,Dolphins,Dolphins,Signed,44.7%,26,5000000,4500000
Stefen Wisniewski,LG,Eagles,,UFA,58.9%,30,2675000,3525000
Kevin Pierre-Louis,ILB,Jets,,UFA,3.1%,28,2625000,2500000
Haloti Ngata,43DT,Eagles,,UFA,35.6%,35,2600000,2600000
Jabrill Peppers,S,Browns,Giants,Signed,64.9%,24,2585559,9484330
Kevin Johnson,CB,Texans,Bills,Signed,6.1%,27,3000000,400000
Cody Latimer,WR,Giants,,UFA,20.2%,27,2500000,2475000
Chance Warmack,LG,Eagles,,UFA,0.6%,28,2500000,1250000
Matt Slauson,LG,Colts,,UFA,33%,33,2500000,750000
Ryan Groy,C,Bills,,UFA,49.9%,29,2500000,3500000
Manti Te'o,ILB,Saints,,UFA,13.7%,28,2500000,600000
Luke Willson,TE,Lions,,UFA,39.5%,29,2500000,1400000
Chris Conte,S,Buccaneers,,UFA,11.3%,30,2500000,2500000
Antonio Gates,TE,Chargers,,UFA,36.7%,39,2500000,1000000
Ben Ijalana,LT,Jets,,UFA,0%,30,2500000,500000
Cameron Fleming,LT,Cowboys,Cowboys,Signed,21.6%,27,3750000,1500000
Brynden Trawick,S,Titans,,UFA,0%,30,2375000,3000000
Jason McCourty,CB,Patriots,Patriots,Signed,80%,32,5000000,5500000
Cedric Ogbuehi,RT,Bengals,Jaguars,Signed,5.4%,27,895000,90000
Shane Ray,34OLB,Broncos,,UFA,23.7%,26,2279723,8440409
Kayvon Webster,CB,Texans,,UFA,0.9%,28,2250000,500000
C.J. Mosley,ILB,Ravens,Jets,Signed,84.6%,27,17000000,43000000
Ja'Wuan James,RT,Dolphins,Broncos,Signed,88.6%,27,12750000,27000000
Shamar Stephen,43DT,Seahawks,Vikings,Signed,49.8%,28,4150000,4900000
Marcedes Lewis,TE,Packers,Packers,Signed,17.8%,35,2100000,500000
Mike Adams,S,Panthers,,UFA,94.1%,38,2100000,1150000
Ha-Ha Clinton-Dix,S,Redskins,Bears,Signed,98.1%,27,3000000,500000
Johnathan Hankins,43DT,Raiders,Raiders,Signed,55.9%,27,4250000,5250000
Margus Hunt,43DE,Colts,Colts,Signed,69.2%,32,4500000,4500000
Chris Maragos,S,Eagles,,SFA,0%,32,2050000,1450000
Dee Ford,34OLB,Chiefs,49ers,Signed,86.9%,28,17000000,19750000
Ryan Allen,P,Patriots,Patriots,Signed,32.2%,29,1500000,100000
Sebastian Janikowski,K,Seahawks,,UFA,33.5%,41,2015000,600000
LeGarrette Blount,RB,Lions,,UFA,26.2%,33,2000000,2000000
Anthony Sherman,FB,Chiefs,,UFA,9.5%,31,2000000,0
Derrick Shelby,43DE,Falcons,,UFA,12.3%,30,2000000,2000000
Al Woods,43DT,Colts,,UFA,35.7%,32,2000000,250000
Billy Turner,LG,Broncos,Packers,Signed,76.7%,28,7000000,9000000
Jamize Olawale,FB,Cowboys,Cowboys,Signed,10.6%,30,1800000,2800000
Damion Square,43DT,Chargers,,UFA,51.2%,30,2000000,1225000
Robbie Gould,K,49ers,49ers,Signed,14.9%,37,4971000,0
Ben Watson,TE,Saints,,UFA,48%,39,2000000,645000
Terrence Brooks,S,Jets,Patriots,Signed,6.2%,28,1625000,1305000
Blaine Gabbert,QB,Titans,,SFA,21.4%,30,2000000,1000000
Lance Kendricks,TE,Packers,,UFA,29.3%,31,2000000,1200000
Darqueze Dennard,CB,Bengals,,UFA,59.7%,28,1994725,6470867
Jason Verrett,CB,Chargers,49ers,Signed,0%,28,3000000,1000000
Stephone Anthony,43OLB,Dolphins,,UFA,2.5%,27,1932930,6242394
Deone Bucannon,43OLB,Cardinals,Buccaneers,Signed,34.9%,27,2500000,1450000
Mike Wallace,WR,Eagles,,UFA,6.7%,33,1915000,1915000
Anthony Chickillo,34OLB,Steelers,Steelers,Signed,28.2%,27,4000000,2195000
Jordan Berry,P,Steelers,Steelers,Signed,30.1%,28,1850000,750000
Quinton Spain,LG,Titans,,UFA,86.8%,28,1907000,0
Josh Bellamy,WR,Bears,Jets,Signed,29.9%,30,2500000,2750000
Martavis Bryant,WR,Raiders,,UFA,21%,28,1907000,0
Bryce Callahan,CB,Bears,Broncos,Signed,64.2%,28,7000000,10000000
TJ Jones,WR,Lions,,UFA,42.9%,27,1907000,0
Dion Jordan,43DE,Seahawks,,UFA,29.8%,29,1907000,0
Neal Sterling,TE,Jets,,UFA,12.9%,27,1907000,0
Brent Qvale,RT,Jets,Jets,Signed,15.9%,28,1400000,550000
Malcom Brown,43DT,Patriots,,UFA,43.7%,25,1903308,6140064
Jordan Mills,RT,Bills,,UFA,95.5%,29,1900000,400000
Josh Martin,34OLB,Jets,,UFA,1.7%,28,1900000,850000
Ted Larsen,LG,Dolphins,Bears,Signed,81.6%,32,1020000,90000
Josh Bynes,ILB,Cardinals,,SFA,65%,30,1858333,1250000
Dominique Easley,34DE,Rams,,UFA,6.1%,27,1850000,50000
Clinton McDonald,43DT,Raiders,,UFA,40.8%,32,1805000,120000
Pernell McPhee,34OLB,Redskins,,UFA,19.7%,31,1800000,350000
Jimmie Ward,CB,49ers,49ers,Signed,36.2%,28,4500000,3000000
Justin Bethel,CB,Falcons,Ravens,Signed,0%,29,2000000,1000000
Dan Bailey,K,Vikings,Vikings,Signed,27.5%,31,1000000,250000
Neiko Thorpe,CB,Seahawks,,UFA,2.9%,29,1750000,600000
Brandon LaFell,WR,Raiders,,UFA,22.3%,33,1750000,835000
Pierre Desir,CB,Colts,Colts,Signed,86.1%,29,7500000,9000000
Connor Barwin,34OLB,Giants,,SFA,26.4%,33,1750000,1680000
Malik McDowell,43DT,Seahawks,,SFA,0%,23,1738852,4916474
Bradley Roby,CB,Broncos,Texans,Signed,85.9%,27,10000000,9500000
Andre Holmes,WR,Broncos,,SFA,29.2%,31,1716667,2450000
Corey Graham,S,Eagles,,UFA,63.1%,34,1715000,1515000
Michael Hoomanawanui,TE,Saints,,UFA,0%,31,1700000,1850000
Matt Longacre,34OLB,Rams,,UFA,27.7%,28,1698438,1698438
Craig Robertson,43OLB,Saints,Saints,Signed,8.5%,31,2050000,2300000
Jacquizz Rodgers,RB,Buccaneers,,UFA,33%,29,1650000,600000
Byron Bell,RG,Packers,,UFA,49%,30,1600000,500000
Brandon Copeland,34OLB,Jets,,UFA,54.5%,28,1550000,100000
Demetrius Harris,TE,Chiefs,Browns,Signed,35.5%,28,3000000,3250000
Landon Collins,S,Giants,Redskins,Signed,73.2%,25,14000000,31000000
Terrell McClain,43DE,Falcons,,UFA,34.2%,31,1525000,550000
Donovan Smith,LT,Buccaneers,Buccaneers,Signed,100%,26,13750000,27000000
Sam Shields,CB,Rams,,UFA,33.3%,32,1504998,0
Mario Edwards,34DE,Giants,Saints,Signed,21.1%,25,2350000,950000
DJ Fluker,RG,Seahawks,Seahawks,Signed,56.7%,28,3000000,1000000
Adrian Phillips,S,Chargers,,UFA,66%,27,1500000,500000
Ethan Westbrooks,34DE,Rams,,UFA,17.9%,29,1500000,500000
Tre Boston,S,Cardinals,,UFA,85.2%,27,1500000,800000
Shawn Lauvao,LG,Redskins,,UFA,27.8%,32,1500000,300000
Zach Kerr,34DE,Broncos,Broncos,Signed,36.6%,29,2500000,600000
Marcus Cooper,CB,Lions,Lions,Signed,3.9%,29,895000,240000
Pat O'Donnell,P,Bears,,UFA,24.4%,28,1500000,500000
Reggie Nelson,S,Raiders,,UFA,36%,36,1500000,1150000
Jeremy Hill,RB,Patriots,,UFA,1.1%,27,1500000,150000
Marshall Newhouse,LT,Panthers,,UFA,19.8%,31,1500000,500000
LaAdrian Waddle,LT,Patriots,Bills,Signed,30.4%,28,2000000,400000
Levine Toilolo,TE,Lions,,UFA,49%,28,1500000,400000
J.R. Sweezy,RG,Seahawks,Cardinals,Signed,88.7%,30,4500000,3000000
TJ Yeldon,RB,Jaguars,,UFA,48.8%,26,1478444,3699736
Doug Martin,RB,Raiders,,UFA,34.6%,30,1475000,0
Preston Smith,34OLB,Redskins,Packers,Signed,80.6%,27,13000000,16000000
Darren Sproles,RB,Eagles,,UFA,13.3%,36,1415000,1000000
Orlando Scandrick,CB,Chiefs,,UFA,66.9%,32,1415000,0
Kevin Pamphile,LG,Titans,Titans,Signed,15.7%,29,1600000,350000
Marcus Sherels,CB,Vikings,,UFA,2.8%,32,1400000,500000
Mark Glowinski,RG,Colts,Colts,Signed,52.9%,27,5400000,4200000
Spencer Ware,RB,Chiefs,,UFA,23.6%,28,1400000,1600000
Phillip Dorsett,WR,Patriots,Patriots,Signed,35.7%,26,2600000,500000
Eric Reid,S,Panthers,Panthers,Signed,73.8%,28,7350000,9000000
Devin Funchess,WR,Panthers,Colts,Signed,58.8%,25,10000000,7000000
Eric Kush,LG,Bears,Browns,Signed,32%,30,1875000,700000
Benson Mayowa,43DE,Cardinals,,UFA,49.4%,28,1350000,310000
Wes Horton,43DE,Panthers,,UFA,47.3%,29,1350000,425000
Mike Davis,RB,Seahawks,Bears,Signed,36.7%,26,3000000,3000000
Coty Sensabaugh,CB,Steelers,,UFA,71.6%,31,1300000,425000
Chris Banjo,S,Saints,Saints,Signed,5%,29,2300000,2650000
Ryan Griffin,QB,Buccaneers,Buccaneers,Signed,0%,30,1450000,450000
Dez Bryant,WR,Saints,,UFA,0%,31,1275000,0
Darrius Heyward-Bey,WR,Steelers,,UFA,6.9%,32,1266667,400000
Kerry Wynn,34DE,Giants,,UFA,35.8%,28,1250000,500000
Will Compton,ILB,Titans,,UFA,7.6%,30,1250000,250000
Russell Shepard,WR,Giants,,UFA,17.7%,29,1250000,250000
Fozzy Whittaker,RB,Panthers,,UFA,0%,30,1250000,500000
Jeremiah Attaochu,34OLB,Jets,,UFA,15.3%,26,1250000,0
Angelo Blackson,34DE,Texans,Texans,Signed,40.2%,27,4000000,3500000
Eric Rowe,CB,Patriots,Dolphins,Signed,13%,27,3500000,500000
Colin Jones,S,Panthers,Panthers,Signed,9.7%,32,1300000,400000
Denzel Perryman,ILB,Chargers,Chargers,Signed,37.3%,26,6025000,4900000
Mitch Morse,C,Chiefs,Bills,Signed,64.9%,26,11125000,20400000
Zak DeOssie,LS,Giants,Giants,Signed,30.2%,35,1120000,225000
Nate Palmer,ILB,Titans,,UFA,0%,30,1150000,350000
Ronald Darby,CB,Eagles,Eagles,Signed,52.2%,25,6500000,4500000
Matt Cassel,QB,Lions,,UFA,2%,37,1105000,0
Don Muhlbach,LS,Lions,Lions,Signed,32.3%,38,1120000,90000
Leon Hall,CB,Raiders,,UFA,35.6%,35,1105000,45000
John Greco,LG,Giants,,UFA,47.3%,34,1105000,90000
Frank Gore,RB,Dolphins,Bills,Signed,36%,36,2000000,500000
LP Ladouceur,LS,Cowboys,Cowboys,Signed,31.7%,38,1120000,735000
Robert Griffin III,QB,Ravens,,UFA,1.8%,29,1100000,100000
Kyle Love,43DT,Panthers,,UFA,46.9%,33,1100000,200000
Brent Urban,34DE,Ravens,,UFA,50.6%,28,1100000,100000
Kenny Vaccaro,S,Titans,Titans,Signed,71.5%,28,6000000,7250000
Jordan Phillips,43DT,Bills,Bills,Signed,37.8%,27,4500000,2000000
Derek Anderson,QB,Bills,Bills,Signed,11.1%,36,1120000,90000
Jake Fisher,LT,Bengals,,UFA,4.5%,26,1064880,1986447
MarQueis Gray,TE,Dolphins,,UFA,0%,30,1050000,300000
Benny Cunningham,RB,Bears,,UFA,3.4%,29,1050000,150000
Adarius Taylor,ILB,Buccaneers,Browns,Signed,9.8%,29,2500000,1000000
Frostee Rucker,43DE,Raiders,,UFA,53.7%,36,1040000,25000
Ameer Abdullah,RB,Vikings,Vikings,Signed,1.6%,26,810000,45000
Tyler Shatley,C,Jaguars,,UFA,52.2%,28,1027500,75000
Jermon Bushrod,RG,Saints,,UFA,35.4%,35,1015000,0
John Denney,LS,Dolphins,Dolphins,Signed,32.4%,41,1120000,90000
Jon Condo,LS,Falcons,,UFA,9.4%,38,1015000,0
Mike Nugent,K,Raiders,,UFA,5.9%,37,1015000,0
Dominique Rodgers-Cromartie,CB,Raiders,Redskins,Signed,14.2%,33,1075000,0
Donnie Jones,P,Chargers,,UFA,23.1%,39,1015000,0
Adrian Peterson,RB,Redskins,Redskins,Signed,47.2%,34,2515000,1500000
Ahtyba Rubin,43DT,Raiders,,UFA,0%,33,1015000,0
Maxx Williams,TE,Ravens,,UFA,31.4%,25,1013184,1826659
Ricky Jean-Francois,43DE,Lions,,UFA,41%,33,1005000,0
Logan Paulsen,TE,Falcons,Falcons,Signed,34.2%,32,1020000,90000
Nick Bellore,FB,Lions,,UFA,0%,30,1005000,90000
Bobby Hart,RT,Bengals,Bengals,Signed,99.7%,25,5383333,5500000
Andre Roberts,WR,Jets,Bills,Signed,19.6%,31,2300000,3000000
Davon House,CB,Packers,,UFA,2.8%,30,1005000,90000
Dwayne Harris,WR,Raiders,Raiders,Signed,5.2%,32,1600000,275000
John Simon,43DE,Patriots,Patriots,Signed,17.6%,29,2075000,1650000
Nathan Stupar,43OLB,Giants,Giants,Signed,2.8%,31,895000,225000
Tom Johnson,43DT,Vikings,,UFA,36.6%,35,1000000,0
Kemal Ishmael,S,Falcons,,UFA,5.8%,28,1000000,210000
Ray-Ray Armstrong,ILB,Browns,Browns,Signed,21.6%,28,1550000,400000
Geno Smith,QB,Chargers,,UFA,3.2%,29,1000000,200000
Ryan Hewitt,FB,Colts,,UFA,15.9%,28,990000,0
Luke Stocker,TE,Titans,Falcons,Signed,48.3%,31,2750000,1500000
Markus Golden,43DE,Cardinals,Giants,Signed,35.2%,26,3750000,2225000
Ty Sambrailo,RT,Falcons,Falcons,Signed,25.1%,27,4750000,5000000
Earl Watford,RG,Browns,Buccaneers,Signed,0.5%,29,870000,565000
Frank Clark,43DE,Seahawks,Seahawks,Signed,73.3%,26,17128000,0
Jordan Richards,S,Falcons,,UFA,39.4%,26,927887,1159308
Daniel Brown,TE,Bears,Jets,Signed,2.1%,27,895000,150000
Garrison Sanborn,LS,Buccaneers,,UFA,28.7%,34,915000,0
Josh Johnson,QB,Redskins,,UFA,20%,33,915000,0
Chris Clark,RT,Panthers,,UFA,77.4%,34,915000,0
Joseph Barksdale,RT,Cardinals,,UFA,40.5%,31,915000,0
Mark Sanchez,QB,Redskins,,UFA,6.4%,33,915000,0
Zane Beadles,LG,Falcons,,UFA,26.3%,33,915000,0
Austin Howard,RT,Redskins,,UFA,3.6%,32,915000,0
Ziggy Hood,43DT,Dolphins,,UFA,20.1%,32,915000,0
J'Marcus Webb,T,Colts,,UFA,7.1%,31,915000,0
Frank Zombo,34OLB,Chiefs,,UFA,2.5%,32,915000,0
Mike Mitchell,S,Colts,,UFA,21.4%,32,915000,0
Andre Smith,RT,Bengals,,UFA,47.8%,32,915000,0
Sam Young,RT,Dolphins,,UFA,13.4%,32,915000,0
Shareece Wright,CB,Texans,,UFA,47.1%,32,915000,0
Joe Webb,QB,Texans,Texans,Signed,3.2%,33,1020000,90000
Mike Person,RG,49ers,49ers,Signed,94.5%,31,2750000,2450000
Ramon Humber,43OLB,Patriots,,UFA,7.5%,32,915000,0
John Phillips,TE,Cardinals,,UFA,13.7%,32,915000,0
Kendrick Lewis,S,Titans,,UFA,26.3%,31,915000,0
Ron Parker,S,Chiefs,,SFA,87.2%,32,915000,0
Carson Tinker,LS,Jaguars,,SFA,10%,30,912500,1150000
Brian Peters,ILB,Texans,,UFA,4.9%,31,900000,135000
Tom Compton,LG,Vikings,Jets,Signed,79.6%,30,1600000,400000
Daniel McCullers,34DT,Steelers,Steelers,Signed,10.6%,27,1375000,250000
Alfred Blue,RB,Texans,,UFA,42.1%,28,880000,90000
Josh Mauro,34DE,Giants,Raiders,Signed,24.6%,28,1400000,400000
Dakota Dozier,LG,Jets,,UFA,10.7%,28,880000,90000
Jonotthan Harrison,C,Jets,Jets,Signed,50.6%,28,2500000,2500000
David Fales,QB,Dolphins,,UFA,0%,29,880000,90000
Brock Osweiler,QB,Dolphins,,UFA,37%,29,880000,630000
Tony Bergstrom,C,Redskins,,UFA,49.9%,33,880000,90000
Jaylen Watkins,S,Chargers,Chargers,Signed,0%,27,895000,60000
Amini Silatolu,LT,Panthers,,UFA,2%,31,880000,90000
Phillip Gaines,CB,Browns,Browns,Signed,40.4%,28,895000,45000
Taiwan Jones,RB,Bills,,UFA,0.2%,31,880000,45000
Richard Rodgers,TE,Eagles,,UFA,3.8%,27,880000,245000
Emmanuel Lamur,ILB,Jets,,UFA,14%,30,880000,45000
George Iloka,S,Vikings,,UFA,12.7%,29,880000,90000
LaRoy Reynolds,43OLB,Eagles,,UFA,0.5%,29,880000,0
Marcus Martin,LG,Cowboys,,UFA,0%,26,880000,0
Blidi Wreh-Wilson,CB,Falcons,Falcons,Signed,2.7%,30,895000,90000
Bashaud Breeland,CB,Packers,Chiefs,Signed,30.9%,27,2000000,1150000
Paul Worrilow,43OLB,Eagles,Eagles,Signed,0%,29,805000,0
De'Anthony Thomas,WR,Chiefs,,UFA,3.4%,26,880000,90000
Jordan Devey,RG,Chiefs,,UFA,12.8%,31,880000,90000
Kyle Nelson,LS,49ers,49ers,Signed,22.5%,33,1135000,450000
Justin Hunter,WR,Steelers,,UFA,11%,28,870000,30000
Kai Forbath,K,Jaguars,,SFA,1.9%,32,860000,0
Brandon Bolden,RB,Dolphins,Patriots,Signed,2.7%,29,1850000,2000000
Travis Swanson,C,Dolphins,,UFA,69.9%,28,850000,0
AJ Cann,RG,Jaguars,Jaguars,Signed,89.9%,28,5018333,6005000
Ben Jacobs,43OLB,Panthers,,SFA,2.3%,31,832500,100000
B.W. Webb,CB,Giants,Bengals,Signed,91.5%,29,3500000,2500000
Jamon Brown,RG,Giants,Falcons,Signed,52%,26,6250000,12500000
Sean Mannion,QB,Rams,,UFA,3.3%,27,812724,625796
Tevin Coleman,RB,Falcons,49ers,Signed,54.8%,26,4250000,3250000
Isaac Seumalo,LG,Eagles,Eagles,Signed,50.2%,26,5626000,7849000
Mark Nzeocha,43OLB,49ers,49ers,Signed,16.3%,29,1583333,1250000
Josh Wells,LT,Jaguars,,UFA,29.5%,28,797500,75000
Josh Gordon,WR,Patriots,Patriots,Signed,56.7%,28,2025000,0
Matt Overton,LS,Jaguars,Jaguars,Signed,20.7%,34,955000,0
Cairo Santos,K,Buccaneers,Buccaneers,Signed,19.9%,28,1000000,195000
Steven Means,43DE,Falcons,Falcons,Signed,14.7%,30,805000,0
Brian Schwenke,LG,Patriots,Patriots,Signed,0.4%,28,895000,0
Kevin Minter,ILB,Buccaneers,Buccaneers,Signed,2.1%,29,895000,90000
Jeff Allen,RG,Chiefs,,UFA,21.4%,29,790000,0
John Jenkins,34DE,Giants,,UFA,11.8%,30,790000,0
Michael Floyd,WR,Redskins,,UFA,33.8%,30,790000,0
Sylvester Williams,43DT,Dolphins,,UFA,35.9%,31,790000,0
Jonathan Cooper,LG,Redskins,,UFA,19.7%,29,790000,0
Derrick Coleman,FB,Cardinals,,UFA,8%,29,790000,0
J.J. Wilcox,S,Colts,,UFA,5.8%,28,790000,0
Josh Robinson,CB,Saints,,UFA,2.5%,28,790000,0
Rishard Matthews,WR,Jets,,UFA,13.5%,30,790000,0
Gino Gradkowski,C,Broncos,,UFA,1.6%,31,790000,0
Stevan Ridley,RB,Steelers,,UFA,5.5%,30,790000,0
Rod Streater,WR,Browns,,UFA,2.1%,31,790000,0
Oday Aboushi,RG,Cardinals,Lions,Signed,43.3%,28,1250000,250000
Mychal Kendricks,43OLB,Seahawks,Seahawks,Signed,9.3%,29,4500000,0
Kenjon Barner,RB,Panthers,Falcons,Signed,4.4%,30,895000,40000
Deonte Thompson,WR,Bills,,UFA,21.4%,30,790000,0
Aldrick Robinson,WR,Vikings,,UFA,24%,31,790000,0
Albert McClellan,ILB,Patriots,,UFA,3.2%,33,790000,0
Alfred Morris,RB,49ers,,UFA,23.7%,31,790000,0
Josh LeRibeus,C,Saints,,UFA,17%,30,790000,0
Najee Goode,43OLB,Colts,,UFA,6.1%,30,790000,0
Travaris Cadet,RB,Panthers,,UFA,2.3%,30,790000,0
Tyrunn Walker,43DT,Saints,,UFA,0%,29,790000,0
DeShawn Shead,CB,Lions,,UFA,25.1%,30,790000,0
Eddie Pleasant,S,Packers,,UFA,8%,31,790000,0
Bruce Carter,ILB,Falcons,Falcons,Signed,7.3%,31,930000,0
Michael Ola,RT,Saints,Saints,Signed,3%,31,805000,0
Kasim Edebali,43DE,Bengals,,UFA,0.2%,30,790000,0
Kelvin Benjamin,WR,Chiefs,,UFA,50.8%,28,790000,0
Nat Berhe,S,Steelers,,UFA,3.1%,28,790000,0
Jordan Matthews,WR,Eagles,49ers,Signed,28.6%,27,2000000,300000
Caraun Reid,43DT,Cowboys,,UFA,18.1%,28,790000,0
Kony Ealy,43DE,Raiders,,UFA,5.3%,28,790000,0
Dontrelle Inman,WR,Colts,,UFA,32.7%,30,790000,0
Orson Charles,TE,Browns,,UFA,15.9%,28,790000,0
Marcus Williams,CB,Bears,,UFA,3%,28,790000,0
Luke Bowanko,C,Redskins,,UFA,23.9%,28,790000,0
Kelvin Sheppard,ILB,Lions,,UFA,1.1%,31,790000,0
Charcandrick West,RB,Chiefs,,UFA,2.9%,28,790000,0
Chandler Catanzaro,K,Panthers,Jets,Signed,26.8%,28,2300000,500000
Greg Robinson,LT,Browns,Browns,Signed,45.6%,27,6500000,500000
Mo Alexander,S,Seahawks,,UFA,0%,28,790000,0
C.J. Anderson,RB,Rams,,UFA,14.1%,28,790000,0
Jay Bromley,43DT,Saints,,UFA,2.6%,27,790000,0
Jamar Taylor,CB,Broncos,,UFA,26.7%,29,790000,0
Wesley Johnson,C,Dolphins,,UFA,2.8%,28,790000,0
Gerald Hodges,43OLB,Cardinals,,UFA,31.9%,28,790000,0
Patrick Omameh,LG,Jaguars,,UFA,65.6%,30,790000,0
Jeremiah Sirles,LG,Bills,Bills,Signed,13%,28,805000,0
Bene Benwikere,CB,Raiders,,UFA,53.3%,28,790000,0
Brandon Weeden,QB,Texans,,UFA,0.1%,36,790000,0
Logan Thomas,TE,Bills,,UFA,26.8%,28,790000,0
Datone Jones,43DT,Cowboys,,UFA,0.5%,29,782500,0
Chris Conley,WR,Chiefs,Jaguars,Signed,76.6%,27,2297500,1000000
Geremy Davis,WR,Chargers,Chargers,Signed,7.4%,27,895000,25000
Eli Harold,43OLB,Lions,,UFA,18.5%,25,767843,697372
PJ Williams,CB,Saints,,UFA,67.3%,26,765228,705912
John Miller,RG,Bills,Bengals,Signed,83.4%,26,5700000,6500000
Tyler Kroft,TE,Bengals,Bills,Signed,11.7%,27,6250000,6300000
Ramik Wilson,ILB,Rams,,UFA,15.9%,27,750000,45000
Jordan Hicks,ILB,Eagles,Cardinals,Signed,67.9%,27,8500000,17000000
Ulrick John,RT,Patriots,,UFA,0%,27,745000,0
Brandon Dunn,34DT,Texans,Texans,Signed,32.4%,27,2025000,0
Tommy Bohanon,FB,Jaguars,,UFA,15.4%,29,740000,0
Carl Davis,43DE,Browns,Browns,Signed,2.6%,27,2000000,400000
Ty Montgomery,RB,Ravens,,UFA,23.6%,26,737199,606544
Jeff Heuerman,TE,Broncos,Broncos,Signed,51.7%,26,4000000,2000000
Tavon Young,CB,Ravens,Ravens,Signed,58%,25,8600000,13000000
Henry Anderson,34DE,Jets,Jets,Signed,59.6%,28,8400000,17000000
Steven Nelson,CB,Chiefs,Steelers,Signed,98.8%,26,8500000,7500000
Antonio Morrison,ILB,Packers,,SFA,28.1%,25,714977,519908
Trey Flowers,43DE,Patriots,Lions,Signed,69.9%,26,18000000,50000000
Daryl Williams,RT,Panthers,Panthers,Signed,5.3%,26,6000000,3000000
Jamison Crowder,WR,Redskins,Jets,Signed,42%,26,9500000,17000000
Justin Hardy,WR,Falcons,,UFA,20.8%,28,705205,540820
Rakeem Nunez-Roches,43DT,Buccaneers,Buccaneers,Signed,5%,26,895000,240000
Josh Shaw,S,Buccaneers,Cardinals,Signed,9.3%,27,895000,45000
Andrew Donnal,RG,Lions,,UFA,0%,27,705000,0
Corey Robinson,LT,Jaguars,,UFA,0%,27,705000,0
Antone Exum,S,49ers,49ers,Signed,55.4%,28,855000,50000
Hayes Pullard,ILB,Chargers,,UFA,8.9%,27,705000,0
Blake Bell,TE,Jaguars,,UFA,21.3%,28,705000,0
Denzelle Good,RT,Raiders,Raiders,Signed,28.3%,28,1800000,500000
Raheem Mostert,RB,49ers,49ers,Signed,8.4%,27,2900000,2400000
Mike Hull,ILB,Dolphins,,UFA,5.8%,28,705000,0
Neville Hewitt,ILB,Jets,Jets,Signed,23.9%,26,1500000,500000
Bruce Ellington,WR,Lions,Patriots,Signed,25.2%,28,895000,25000
Cameron Lynch,43OLB,Buccaneers,,UFA,1.5%,26,705000,0
Ben Heeney,ILB,Texans,,SFA,0%,27,705000,0
Rashad Greene,WR,Jaguars,,UFA,10.3%,27,705000,0
Tom Savage,QB,Bengals,,UFA,0%,29,705000,0
Zach Moore,43DE,Cardinals,,UFA,22%,29,705000,0
Ibraheim Campbell,S,Packers,,UFA,10.7%,26,705000,0
Josh Keyes,ILB,Texans,,UFA,3.7%,26,705000,0
Breshad Perriman,WR,Browns,Buccaneers,Signed,20%,26,4000000,4000000
Jason Myers,K,Jets,Seahawks,Signed,30.4%,28,3862500,5500000
Ereck Flowers,LT,Jaguars,Redskins,Signed,56.6%,25,3250000,1500000
Scott Simonson,TE,Giants,Giants,Signed,28%,27,895000,65000
Bennie Fowler,WR,Giants,Giants,Signed,36%,28,895000,65000
Zach Zenner,RB,Lions,,UFA,11%,28,705000,0
Anthony Harris,S,Vikings,Vikings,Signed,60%,27,3095000,0
Shelby Harris,34DT,Broncos,Broncos,Signed,36.3%,28,3095000,0
Jacquies Smith,43DE,Raiders,,UFA,6.2%,29,705000,0
Clive Walford,TE,Jets,Dolphins,Signed,0.2%,28,720000,0
Nicholas Williams,34DE,Bears,Bears,Signed,4.2%,29,895000,90000
Geneo Grissom,43DE,Colts,,UFA,2.2%,26,705000,0
Chaz Green,RT,Raiders,Raiders,Signed,5.6%,25,805000,0
Troy Hill,CB,Rams,Rams,Signed,42.1%,28,2025000,0
Zac Kerin,LG,Redskins,Redskins,Signed,4.7%,28,805000,0
Clayton Geathers,S,Colts,,UFA,68.2%,26,703482,533928
TJ Clemmings,LT,Raiders,,UFA,5.6%,28,701239,524956
Rodney Gunter,43DT,Cardinals,,UFA,57.5%,26,697479,509916
Za'Darius Smith,34OLB,Ravens,Packers,Signed,66.7%,26,16500000,20000000
Kwon Alexander,ILB,Buccaneers,49ers,Signed,35%,25,13500000,14250000
Buck Allen,RB,Ravens,,UFA,26.1%,28,688618,474472
Damien Wilson,43OLB,Cowboys,Chiefs,Signed,27.8%,26,2917500,2555000
Jon Feliciano,LG,Raiders,Bills,Signed,21.6%,26,3625000,3900000
Jake Ryan,ILB,Packers,Jaguars,Signed,0%,27,4000000,1000000
Nicholas Grigsby,43OLB,Lions,,SFA,2.7%,27,675000,0
Thurston Armbrister,ILB,Cardinals,,SFA,0%,27,675000,0
Zach Vigil,ILB,Redskins,,UFA,1.8%,28,660000,0
Kendall Lamm,LT,Texans,Browns,Signed,78.5%,27,2250000,600000
Josh Lambo,K,Jaguars,Jaguars,Signed,21.7%,29,3785000,6500000
Rod Smith,RB,Cowboys,,UFA,14%,27,660000,0
L.J. Fort,ILB,Steelers,Eagles,Signed,29.3%,29,1833333,1900000
Taylor Heinicke,QB,Panthers,Panthers,Signed,8.6%,26,805000,0
Deiontrez Mount,34OLB,Broncos,,UFA,0%,26,660000,0
Josh Walker,LG,Jaguars,,UFA,28.2%,28,660000,0
Tyler Patmon,CB,Jaguars,,UFA,23%,28,660000,0
Arie Kouandjio,RG,Redskins,,UFA,0%,27,660000,0
Max Garcia,LG,Broncos,Cardinals,Signed,22.5%,28,2000000,400000
Tanner Vallejo,43OLB,Browns,Cardinals,Signed,12.3%,25,638453,153812
Grady Jarrett,43DT,Falcons,Falcons,Signed,65%,26,15209000,0
Chris Milton,CB,Colts,Colts,Signed,5.2%,27,1500000,600000
Daryl Worley,CB,Raiders,Raiders,Signed,49%,24,3095000,0
Shilique Calhoun,43DE,Raiders,,UFA,13.3%,27,630000,0
Darian Thompson,S,Cowboys,Cowboys,Signed,0%,26,720000,0
T.J. Green,S,Seahawks,,UFA,0%,24,630000,0
Corey Coleman,WR,Giants,Giants,Signed,12.8%,25,2025000,0
Erik Harris,S,Raiders,Raiders,Signed,42%,29,2500000,1075000
John Wetzel,LT,Cardinals,,UFA,35.8%,28,630000,0
Curtis Riley,S,Giants,,UFA,95.4%,27,630000,0
Damiere Byrd,WR,Panthers,,UFA,4.2%,26,630000,0
Leonte Carroo,WR,Dolphins,,UFA,4.3%,25,630000,0
B.J. Finney,C,Steelers,Steelers,Signed,14.6%,28,3095000,0
Destiny Vaeao,34DT,Jets,,UFA,15.2%,25,630000,0
Jake Brendel,C,Dolphins,,UFA,19.1%,27,630000,0
Tyler Ott,LS,Seahawks,Seahawks,Signed,34.9%,27,720000,0
Bryan Witzmann,LG,Bears,,UFA,49.5%,29,630000,0
Matt Lengel,TE,Bengals,,UFA,13%,29,630000,0
DeVante Harris,CB,Buccaneers,,RFA,9.3%,26,630000,0
Jeremy Vujnovich,LG,Cardinals,Cardinals,Signed,15.6%,29,720000,0
Casey Kreiter,LS,Broncos,Broncos,Signed,33.3%,29,1000000,0
Kameron Canaday,LS,Steelers,Steelers,Signed,30.4%,26,720000,0
Branden Jackson,43DE,Seahawks,Seahawks,Signed,26%,27,720000,0
Lafayette Pitts,CB,Bills,Bills,Signed,9.5%,27,720000,0
Patrick Onwuasor,ILB,Ravens,Ravens,Signed,41.9%,27,3095000,0
Luke Rhodes,LS,Colts,Colts,Signed,30.9%,27,720000,0
Peyton Barber,RB,Buccaneers,Buccaneers,Signed,55.2%,25,2125000,1000000
Terrance Smith,ILB,Chiefs,,UFA,14.6%,26,630000,0
Andrew Adams,S,Buccaneers,Lions,Signed,35.3%,27,720000,0
Geronimo Allison,WR,Packers,Packers,Signed,22.4%,25,2800000,750000
Tyvis Powell,S,49ers,,UFA,9.7%,25,630000,0
Kalan Reed,CB,Seahawks,Seahawks,Signed,0%,26,720000,0
Juston Burris,CB,Browns,,UFA,0%,26,630000,0
Javien Elliott,CB,Buccaneers,,UFA,33.6%,26,630000,0
Joey Hunt,C,Seahawks,Seahawks,Signed,10.8%,25,720000,0
Jordan Lucas,S,Chiefs,Chiefs,Signed,22.5%,26,2025000,0
Stanley Jean-Baptiste,CB,Ravens,,UFA,0%,29,630000,0
Alex Collins,RB,Ravens,,SFA,26.1%,25,630000,0
Kevin Hogan,QB,Broncos,,UFA,0%,27,630000,0
Quinton Jefferson,43DE,Seahawks,Seahawks,Signed,56.4%,26,2025000,0
Evan Boehm,RG,Colts,Colts,Signed,31.4%,26,2025000,0
Chris Manhertz,TE,Panthers,,RFA,32.5%,27,630000,0
Patrick Scales,LS,Bears,,UFA,24.8%,31,630000,0
Xavier Grimble,TE,Steelers,Steelers,Signed,15.7%,27,2025000,0
J.D. McKissic,WR,Seahawks,Seahawks,Signed,0.8%,26,720000,0
Malcolm Brown,RB,Rams,Rams,Signed,11.2%,26,2025000,0
Eric Tomlinson,TE,Jets,Jets,Signed,35.4%,27,993750,300000
Matt Darr,P,Bills,,UFA,9.8%,27,630000,0
Tony Lippett,CB,Giants,Giants,Signed,2.3%,27,810000,60000
Corey Moore,S,Colts,,UFA,4.9%,26,630000,0
Olsen Pierre,43DT,Cardinals,,UFA,22%,28,630000,0
Jordan Taylor,WR,Broncos,,UFA,0%,27,630000,0
Adrian Amos,S,Bears,Packers,Signed,97.7%,26,9000000,12000000
Brett Hundley,QB,Seahawks,,UFA,0%,26,625908,223632
Jay Ajayi,RB,Eagles,,UFA,11.1%,26,625203,220812
Kyle Emanuel,43OLB,Chargers,,UFA,20.9%,28,624643,218572
Tyeler Davison,43DT,Saints,,UFA,40.9%,27,624306,217224
CJ Uzomah,TE,Bengals,Bengals,Signed,84.3%,26,6100000,6250000
Ronald Martin,S,Colts,,UFA,0%,26,622500,0
JJ Nelson,WR,Cardinals,Raiders,Signed,22.6%,27,1000000,75000
Jesse James,TE,Steelers,Lions,Signed,50.4%,25,5650000,10500000
Bradley Pinion,P,49ers,Buccaneers,Signed,46%,25,2750000,3600000
James O'Shaughnessy,TE,Jaguars,,UFA,51.1%,27,618313,166252
DJ Alexander,ILB,Eagles,,UFA,0%,28,618313,166252
Michael Burton,FB,Bears,,UFA,4.6%,27,616089,184356
David Mayo,ILB,Panthers,49ers,Signed,14.7%,26,1250000,1100000
Cameron Artis-Payne,RB,Panthers,,UFA,4.5%,27,611563,166252
Nick Boyle,TE,Ravens,Ravens,Signed,54.8%,26,6000000,10000000
Darius Philon,43DT,Chargers,Cardinals,Signed,58.6%,25,5000000,5000000
Troymaine Pope,RB,Chargers,Chargers,Signed,0%,26,645000,0
Leterrius Walton,34DE,Steelers,,UFA,5%,27,599232,116928
A.J. Derby,TE,Dolphins,,UFA,13.5%,28,598013,112052
Christian Covington,34DE,Texans,Cowboys,Signed,24.2%,26,1750000,750000
Bryce Hager,ILB,Rams,,UFA,5.2%,27,588035,72140
Alan Cross,FB,Buccaneers,,UFA,9.1%,26,585000,0
Rashard Higgins,WR,Browns,Browns,Signed,44.2%,25,2025000,0
Tye Smith,CB,Titans,,UFA,0%,26,585000,0
DeAndre Houston-Carson,S,Bears,,RFA,4.4%,26,585000,0
Daniel Lasco,RB,Saints,,SFA,0%,27,585000,0
Ben Braunecker,TE,Bears,Bears,Signed,11.1%,25,1350000,550000
Jeremy Cash,ILB,Cardinals,,UFA,0%,27,585000,0
Maurice Harris,WR,Redskins,Patriots,Signed,45.3%,27,1000000,90000
Nate Sudfeld,QB,Eagles,Eagles,Signed,1%,26,3095000,0
Byron Marshall,RB,Redskins,Redskins,Signed,4.6%,25,720000,0
D.J. Foster,RB,Cardinals,Cardinals,Signed,0%,26,645000,0
Gabe Martin,43OLB,Cardinals,,UFA,0%,27,585000,0
Senorise Perry,RB,Dolphins,,UFA,0%,28,585000,0
Justin March-Lillard,43OLB,Cowboys,Cowboys,Signed,0.8%,26,720000,0
David Fluellen,RB,Titans,Titans,Signed,0.6%,27,720000,0
Dexter McDonald,CB,Raiders,,UFA,0%,28,584213,56852
Trent Brown,LT,Patriots,Raiders,Signed,97.3%,26,16500000,36250000
Geoff Swaim,TE,Cowboys,Jaguars,Signed,47.6%,28,3300000,1250000
Darryl Roberts,CB,Jets,Jets,Signed,64.8%,29,6000000,4500000
Trevor Siemian,QB,Vikings,Jets,Signed,0%,28,2000000,1000000
Jimmy Williams,WR,Broncos,,SFA,0%,24,573333,10000
Trey Johnson,CB,Steelers,,SFA,0%,25,572500,7500
Darren Andrews,WR,Patriots,,SFA,0%,24,571667,20000
Andrew Trumbetti,34OLB,Bears,,SFA,0%,23,570166,500
Manase Hungalu,43OLB,Jaguars,,SFA,0%,24,570000,0
Johnny Stanton,RB,Vikings,,SFA,0%,25,570000,0
Jevoni Robinson,TE,Texans,,SFA,0%,27,570000,0
Bam Bradley,ILB,Ravens,,SFA,0%,25,555667,2000
Jordan Dangerfield,S,Steelers,Steelers,Signed,7.3%,29,645000,0
Doug Middleton,S,Jets,Jets,Signed,20.7%,26,570000,0
Matt Skura,C,Ravens,Ravens,Signed,100%,26,645000,0
Jeremy Clark,CB,Jets,Jets,Signed,0%,25,645000,0
Alex Ellis,TE,Chiefs,,UFA,1.1%,26,555000,0
Vince Biegel,ILB,Saints,Saints,Signed,0.2%,26,645000,0
Elijah Wilkinson,LT,Broncos,Broncos,Signed,48.4%,24,645000,0
Isaac Asiata,RG,Dolphins,Dolphins,Signed,0%,27,645000,0
De'Angelo Henderson,RB,Jets,Jets,Signed,0.3%,27,645000,0
Jermaine Eluemunor,RG,Ravens,Ravens,Signed,7.9%,25,645000,0
Zach Banner,LG,Steelers,Steelers,Signed,0%,26,645000,0
Shalom Luani,S,Seahawks,Seahawks,Signed,1%,25,645000,0
Greg Mabin,CB,49ers,49ers,Signed,15.2%,25,645000,0
Lucas Patrick,LG,Packers,Packers,Signed,26%,26,645000,0
Darrell Daniels,TE,Cardinals,Cardinals,Signed,8.5%,25,645000,0
Jaylen Hill,CB,Ravens,,SFA,0%,25,555000,0
Joseph Jones,ILB,Broncos,Broncos,Signed,2.3%,25,645000,0
Davis Webb,QB,Jets,Jets,Signed,0%,24,645000,0
Dominique Hatfield,CB,Rams,Rams,Signed,0.6%,25,645000,0
Jon Halapio,C,Giants,Giants,Signed,11.2%,28,645000,0
Zach Wood,LS,Saints,Saints,Signed,0%,26,645000,0
Jerrol Garcia-Williams,34OLB,Broncos,,UFA,0%,26,555000,0
Eddie Yarbrough,43DE,Bills,Bills,Signed,30.2%,26,645000,0
Matt Wile,P,Vikings,Vikings,Signed,30.2%,27,645000,0
Jordan Williams,34OLB,Giants,Giants,Signed,0%,26,570000,0
Kerry Hyder,43DE,Lions,Cowboys,Signed,15.5%,28,1000000,300000
Alex Tanney,QB,Giants,Giants,Signed,0%,32,1050000,0
Matt Feiler,RG,Steelers,Steelers,Signed,60.5%,27,645000,0
Bronson Kaufusi,34DE,Jets,Jets,Signed,4%,28,645000,0
Cole Toner,C,Chargers,Chargers,Signed,0%,25,645000,0
Devante Bond,43OLB,Buccaneers,Buccaneers,Signed,23.7%,26,645000,0
Jonathan Woodard,43DE,Dolphins,Dolphins,Signed,11.7%,26,645000,0
Justin McCray,RG,Packers,Packers,Signed,44.7%,27,645000,0
Daniel Munyer,C,Cardinals,,UFA,9.1%,27,555000,0
Mike Hilton,CB,Steelers,Steelers,Signed,56.7%,25,645000,0
Jermaine Whitehead,S,Browns,Browns,Signed,23.3%,26,645000,0
Brian Parker,TE,Broncos,,UFA,13.6%,27,555000,0
Akeem King,CB,Seahawks,Seahawks,Signed,14.6%,27,1400000,400000
Kristjan Sokoli,34DE,Giants,,UFA,0%,28,555000,0
JoJo Natson,WR,Rams,Rams,Signed,0%,25,645000,0
Elijhaa Penny,RB,Giants,Giants,Signed,11.8%,26,645000,0
Jared Norris,43OLB,Panthers,Panthers,Signed,1.7%,26,845000,150000
Leonard Wester,RT,Buccaneers,,UFA,10.4%,26,546667,35000
George Fant,RT,Seahawks,Seahawks,Signed,34.8%,27,3095000,0
Romeo Okwara,43DE,Lions,Lions,Signed,72.4%,24,3400000,3425000
Joel Heath,34DE,Texans,Texans,Signed,4.1%,26,720000,0
Jonathan Jones,CB,Patriots,Patriots,Signed,49.5%,26,3095000,0
Michael Pierce,34DT,Ravens,Ravens,Signed,37.6%,27,3095000,0
Robby Anderson,WR,Jets,Jets,Signed,68.1%,26,3095000,0
Matthias Farley,S,Colts,Colts,Signed,14.4%,27,2025000,0
Ka'imi Fairbairn,K,Texans,Texans,Signed,35.1%,25,3095000,0
Roy Robertson-Harris,34DE,Bears,Bears,Signed,33.7%,26,645000,0
Antonio Hamilton,CB,Giants,,UFA,0%,26,541833,5500
Brennan Scarlett,34OLB,Texans,Texans,Signed,10.1%,26,2025000,0
Briean Boddy-Calhoun,S,Browns,Texans,Signed,55.8%,26,900000,0
Jarrod Wilson,S,Jaguars,Jaguars,Signed,23.1%,25,2416667,1450000
Tommylee Lewis,WR,Saints,Lions,Signed,6.7%,27,920000,50000
Ken Crawley,CB,Saints,Saints,Signed,39.7%,26,2025000,0
Mitchell Loewen,43DE,Lions,Lions,Signed,0.4%,26,570000,0
Brian Poole,CB,Falcons,Jets,Signed,76.3%,27,3000000,2000000
Robert Kelley,RB,Redskins,,RFA,0.9%,27,541000,3000
Spencer Pulley,C,Giants,Giants,Signed,55%,26,2675000,2325000
Kentrell Brice,S,Packers,Buccaneers,Signed,60.8%,25,987500,0
Jalen Richard,RB,Raiders,Raiders,Signed,39.4%,26,3095000,0
Morgan Fox,34DE,Rams,Rams,Signed,0%,25,645000,0
Trevor Williams,CB,Chargers,Chargers,Signed,0%,26,2025000,0
Chester Rogers,WR,Colts,Colts,Signed,52.3%,25,3095000,0
Rashod Hill,RT,Vikings,Vikings,Signed,50.4%,27,2025000,0
Tre Madden,FB,Seahawks,,UFA,8.1%,26,540000,0
Cory Littleton,ILB,Rams,Rams,Signed,95.3%,26,3095000,0
Rick Lovato,LS,Eagles,Eagles,Signed,30%,27,720000,0
Ross Travis,TE,Colts,Colts,Signed,0%,26,645000,0
Wil Lutz,K,Saints,Saints,Signed,43.5%,25,4050000,9200000
Blake Countess,S,Rams,Rams,Signed,5.7%,26,2025000,0
John Flynn,LG,49ers,,SFA,0%,26,525000,0
Trevor Bates,ILB,Lions,,SFA,0.2%,26,525000,0
Elie Bouka,CB,Eagles,,SFA,0%,27,525000,0
Josh Tupou,43DT,Bengals,Bengals,Signed,13.6%,25,645000,0
Isaac Rochell,43DE,Chargers,Chargers,Signed,51.5%,24,645000,0
Justin Hardee,WR,Saints,Saints,Signed,0%,25,645000,0
David Moore,WR,Seahawks,Seahawks,Signed,58.1%,24,645000,0
Isaiah Irving,34OLB,Bears,Bears,Signed,11%,25,645000,0
Elijah Lee,ILB,49ers,49ers,Signed,44.3%,23,645000,0
Harrison Butker,K,Chiefs,Chiefs,Signed,44.4%,24,645000,0
Michael Liedtke,LT,Buccaneers,Buccaneers,Signed,0.3%,27,645000,0
Bryan Cox Jr.,43DE,Panthers,Panthers,Signed,20.1%,25,645000,0
Cameron Tom,C,Saints,Saints,Signed,17%,24,645000,0
Ricky Seals-Jones,TE,Cardinals,Cardinals,Signed,57.1%,24,645000,0
Jesse Davis,RG,Dolphins,Dolphins,Signed,77.4%,28,645000,0
Rashaad Coward,RT,Bears,Bears,Signed,0%,25,645000,0
Brad Kaaya,QB,Colts,,SFA,0%,24,510000,0
Jaydon Mickens,WR,Jaguars,,UFA,0.3%,25,510000,0
Brandon Wilson,S,Bengals,Bengals,Signed,4.6%,25,645000,0
Marvin Hall,WR,Falcons,Bears,Signed,17.5%,26,645000,0
Marcus Johnson,CB,Colts,Colts,Signed,8.4%,25,570000,0
Reid Ferguson,LS,Bills,Bills,Signed,30.6%,25,915000,445000
Trevon Coley,43DT,Browns,Browns,Signed,52.2%,25,645000,0
Isaiah Johnson,S,Buccaneers,Buccaneers,Signed,38.6%,27,645000,0
Alex Redmond,RG,Bengals,Bengals,Signed,93.1%,24,645000,0
Charles Washington,S,Lions,Lions,Signed,0%,26,645000,0
Matt LaCosse,TE,Broncos,Patriots,Signed,38.9%,27,1400000,500000
Aldrick Rosas,K,Giants,Giants,Signed,32.8%,25,645000,0
Kevin Peterson,CB,Rams,Rams,Signed,0%,25,570000,0
Tony McRae,CB,Bengals,Bengals,Signed,7.3%,26,645000,0
Steve Longa,43OLB,Lions,Lions,Signed,0%,25,570000,0
Deon Lacey,43OLB,Bills,Bills,Signed,2.6%,29,645000,0
Zach Sterup,LT,Dolphins,Dolphins,Signed,10%,27,645000,0
Jake Elliott,K,Eagles,Eagles,Signed,34.1%,24,645000,0
Justin Hamilton,34DE,Chiefs,Chiefs,Signed,4.6%,26,645000,0
Daniel Ross,43DT,Cowboys,Cowboys,Signed,24.3%,26,645000,0
C.J. Ham,RB,Vikings,Vikings,Signed,13.3%,26,645000,0
Cedrick Lang,LG,Vikings,,UFA,0%,27,490000,10000
Trey Hopkins,RG,Bengals,Bengals,Signed,59.2%,27,3095000,0
Chris Reed,LG,Jaguars,Dolphins,Signed,17%,27,1487500,500000
Gus Edwards,RB,Ravens,Ravens,Signed,24.1%,24,570000,0
Jason Cabinda,ILB,Raiders,Raiders,Signed,16%,23,570000,0
Ben Braden,LT,Jets,Jets,Signed,0%,25,570000,0
DeAndre Carter,WR,Texans,Texans,Signed,26%,26,570000,0
Ricky Ali'ifua,43DE,Seahawks,,UFA,0%,28,480000,0
Marcell Ateman,WR,Raiders,Raiders,Signed,35.3%,25,570000,0
Damian Parms,S,Panthers,Panthers,Signed,0%,27,495000,0
Daniel Carlson,K,Raiders,Raiders,Signed,22.3%,24,570000,0
Emmanuel Ellerbee,43OLB,Seahawks,Seahawks,Signed,0%,23,570000,0
Deontay Burnett,WR,Jets,Jets,Signed,12.8%,22,570000,0
Frankie Luvu,34OLB,Jets,Jets,Signed,39.5%,23,570000,0
De'Lance Turner,RB,Ravens,Ravens,Signed,0.7%,24,570000,0
Anthony Wint,ILB,Jets,Jets,Signed,0%,24,495000,0
Trent Sieg,LS,Raiders,Raiders,Signed,28%,24,570000,0
Efe Obada,43DE,Panthers,Panthers,Signed,19%,27,570000,0
KhaDarel Hodge,WR,Rams,Rams,Signed,7.7%,24,570000,0
T.J. Mutcherson,S,Seahawks,,UFA,0%,27,480000,0
Tim Patrick,WR,Broncos,Broncos,Signed,36.6%,26,570000,0
Joseph Cheek,RT,Steelers,,UFA,0%,27,480000,0
Jake McGee,TE,Steelers,,UFA,0%,28,480000,0
Tevin Mitchel,CB,Raiders,,UFA,0%,27,480000,0
Elijah Hood,RB,Panthers,Panthers,Signed,0%,23,495000,0
Keith Kelsey,ILB,Steelers,,UFA,0%,24,480000,0
Artavis Scott,WR,Chargers,Chargers,Signed,0%,25,495000,0
Josiah Price,TE,Vikings,,UFA,0%,26,480000,0
Garrett Sickels,34OLB,Rams,,UFA,0%,25,480000,0
Malik Golden,S,Steelers,,UFA,0%,26,480000,0
Quincy Adeboyejo,WR,Ravens,Ravens,Signed,0%,24,570000,0
Austin Calitro,ILB,Seahawks,Seahawks,Signed,28.6%,25,570000,0
Fadol Brown,34DE,Packers,Packers,Signed,21%,26,570000,0
Rickey Jefferson,S,Saints,,UFA,0%,25,480000,0
Jordan Simmons,G,Seahawks,Seahawks,Signed,18.3%,25,570000,0
Cody Hollister,WR,Patriots,,UFA,0%,26,480000,0
Steven Moore,T,Ravens,Ravens,Signed,0%,26,495000,0
Robert Tonyan,TE,Packers,Packers,Signed,6.2%,25,570000,0
Jake Kumerow,WR,Packers,Packers,Signed,12.7%,27,570000,0
Dymonte Thomas,S,Broncos,Broncos,Signed,3.2%,26,645000,0
Marcus Kemp,WR,Chiefs,Chiefs,Signed,3.4%,24,570000,0
Reggie Gilbert,34OLB,Packers,Packers,Signed,45.7%,26,570000,0
Justin Murray,LT,Raiders,Raiders,Signed,4.8%,26,570000,0
Jester Weah,WR,Texans,Texans,Signed,0%,24,540000,0
Tyrone Holmes,34OLB,Chargers,,UFA,0%,26,129200,0
